{"stats":{"minecraft:picked_up":{"croptopia:tea_leaves":1,"minecraft:oak_log":5,"croptopia:tea_seed":2,"quark:hollow_oak_log":1,"minecraft:moss_carpet":1},"minecraft:mined":{"treechop:chopped_log":2,"minecraft:oak_leaves":2,"quark:hollow_oak_log":1},"minecraft:crafted":{"minecraft:crafting_table":1,"minecraft:oak_planks":4},"minecraft:used":{"alexsmobs:animal_dictionary":1,"minecraft:crafting_table":1},"minecraft:custom":{"minecraft:jump":48,"minecraft:time_since_rest":6935,"minecraft:leave_game":2,"minecraft:sprint_one_cm":13339,"minecraft:play_time":6935,"minecraft:damage_taken":40,"minecraft:time_since_death":6935,"minecraft:walk_one_cm":18553,"minecraft:total_world_time":6935,"minecraft:fall_one_cm":1318,"minecraft:fly_one_cm":8422}},"DataVersion":3465}